Ime,Prezime,Oznaka aranžmana,Datum i vrijeme
Tena,Sertić,1,19.10.2025 4:24
Andrej,Filipović,8,2.10.2025 19:41
Dario,Knežević,2,21.10.2025 7:29
Domagoj,Bandić,5,21.10.2025 21:22
Lana,Šarić,5,8.10.2025 20:29
Damir,Šarić,5,14.10.2025 19:29
Matej,Kovač,1,7.10.2025 17:44
Paula,Mravak,5,22.10.2025 8:59
Andreja,Bandić,5,15.10.2025 2:17
Ana,Križan,3,16.10.2025 4:41
Paula,Kovačević,4,10.10.2025 14:09
Maja,Knežević,2,20.10.2025 16:34
Tena,Kovačević,5,7.10.2025 1:51
Dario,Vidić,7,21.10.2025 18:58
Iva,Barišić,1,14.10.2025 18:45
Maja,Božić,6,28.10.2025 15:16
Ivan,Bandić,5,21.10.2025 1:15
Petra,Jurić,3,16.10.2025 13:06
Petar,Knežević,3,21.10.2025 18:32
Iva,Lovrić,7,30.10.2025 9:39
Martina,Stjepanović,3,28.10.2025 1:26
Filip,Buljan,8,11.10.2025 2:42
Lovro,Sertić,3,12.10.2025 18:08
Dorotea,Kralj,5,3.10.2025 2:15
Nina,Kralj,2,3.10.2025 18:24
Ema,Križan,3,23.10.2025 5:47
Sara,Stjepanović,7,20.10.2025 20:27
Damir,Šarić,2,8.10.2025 15:14
Tea,Marić,4,6.10.2025 15:48
Stjepan,Jurić,4,25.10.2025 13:28
Sara,Križan,6,5.10.2025 12:04
Nina,Vuković,3,5.10.2025 3:27
Nikola,Kovač,6,16.10.2025 1:07
Luka,Kovač,7,3.10.2025 23:38
Matej,Sertić,7,12.10.2025 10:32
Domagoj,Petrović,8,23.10.2025 20:46
Ema,Sertić,6,30.10.2025 14:05
Ivana,Miletić,4,1.10.2025 12:45
Fran,Buljan,6,19.10.2025 2:50
Filip,Miletić,1,21.10.2025 18:21
Iva,Novak,8,29.10.2025 7:33
Lea,Babić,2,15.10.2025 14:21
Paula,Božić,1,2.10.2025 20:29
Marin,Kovačević,3,4.10.2025 8:36
Luka,Sertić,2,26.10.2025 1:08
Marin,Pavić,1,28.10.2025 3:50
Ivan,Buljan,4,6.10.2025 11:56
Sara,Matić,7,24.10.2025 10:31
Lovro,Pavić,4,17.10.2025 2:28
Filip,Kovač,3,6.10.2025 10:15
Petar,Šarić,7,29.10.2025 0:48
Lovro,Zorić,4,6.10.2025 3:50
Lovro,Babić,5,6.10.2025 12:29
Lucija,Sertić,6,25.10.2025 21:12
Helena,Lovrić,2,14.10.2025 7:49
Nina,Knežević,6,4.10.2025 12:09
Lana,Stjepanović,4,28.10.2025 23:17
Petar,Lovrić,6,8.10.2025 3:57
Filip,Radić,6,19.10.2025 6:09
Andrej,Lovrić,5,21.10.2025 7:57
Zvonimir,Pavlović,2,3.10.2025 4:48
Katarina,Božić,3,5.10.2025 0:13
Sara,Filipović,2,15.10.2025 15:02
Ana,Šarić,7,5.10.2025 13:38
Ante,Pavlović,7,13.10.2025 13:31
Dario,Vuković,1,2.10.2025 5:25
Ante,Jurić,3,3.10.2025 15:51
Dario,Matić,5,23.10.2025 19:50
Lea,Kralj,2,7.10.2025 3:46
Nina,Blažević,7,3.10.2025 15:40
Ante,Pavić,8,6.10.2025 15:46
Dorotea,Jurjević,2,23.10.2025 14:15
Dario,Knežević,6,12.10.2025 19:54
Ivan,Đurić,1,4.10.2025 13:03
Lovro,Horvat,3,13.10.2025 23:46
Zvonimir,Mravak,4,21.10.2025 20:52
Sara,Zorić,4,29.10.2025 12:40
Filip,Križan,7,6.10.2025 16:52
Ante,Barišić,8,29.10.2025 3:50
Ivan,Pavlović,8,14.10.2025 18:33
Petra,Novak,3,18.10.2025 23:49
Petra,Klarić,4,29.10.2025 2:22
Lana,Mlinarić,1,27.10.2025 23:40
Marko,Mlinarić,6,7.10.2025 17:04
Ana,Klarić,7,23.10.2025 22:13
Domagoj,Šimić,4,5.10.2025 5:30
Tena,Križan,1,16.10.2025 4:20
Lea,Radić,7,29.10.2025 1:31
Iva,Klarić,2,22.10.2025 1:46
Domagoj,Kovačević,1,27.10.2025 23:44
Ivan,Kralj,8,28.10.2025 8:04
Andrej,Knežević,6,19.10.2025 9:05
Josip,Šarić,5,16.10.2025 8:59
Helena,Tomić,6,2.10.2025 5:24
Maja,Grgić,8,19.10.2025 22:09
Damir,Mravak,4,29.10.2025 13:44
Ante,Jurjević,3,13.10.2025 21:49
Ante,Perić,3,15.10.2025 0:02
Martina,Jurić,3,1.10.2025 12:23
Dario,Zorić,6,9.10.2025 7:30
Petar,Franjić,1,28.10.2025 13:28
Ante,Kralj,6,24.10.2025 1:25
Katarina,Grgić,1,27.10.2025 21:06
Matej,Miletić,4,20.10.2025 20:41
Sara,Zorić,5,7.10.2025 4:38
Tea,Kovačević,6,13.10.2025 11:43
Ana,Mravak,8,10.10.2025 8:58
Marija,Horvat,3,17.10.2025 13:23
Andrej,Blažević,8,27.10.2025 1:44
Nina,Franjić,7,11.10.2025 22:31
Katarina,Božić,1,11.10.2025 2:03
Zvonimir,Vuković,5,12.10.2025 13:03
Josip,Mlinarić,8,18.10.2025 11:37
Marko,Mlinarić,3,24.10.2025 3:38
Petra,Klarić,2,18.10.2025 4:19
Zvonimir,Jurić,8,25.10.2025 8:39
Stjepan,Šimić,2,13.10.2025 0:34
Nina,Zorić,3,10.10.2025 2:36
Josip,Jurić,7,6.10.2025 4:42
Paula,Đurić,3,6.10.2025 11:53
Paula,Novak,4,4.10.2025 17:14
Ante,Jurjević,6,19.10.2025 23:55
Nina,Božić,2,16.10.2025 3:52
Filip,Kovač,5,5.10.2025 6:22
Luka,Novak,4,2.10.2025 19:30
Luka,Mlinarić,6,7.10.2025 18:08
Petar,Filipović,7,5.10.2025 21:41
Lana,Horvat,5,19.10.2025 10:40
Luka,Buljan,6,18.10.2025 21:10
Ana,Zorić,4,22.10.2025 19:18
Stjepan,Filipović,4,4.10.2025 1:45
Lana,Buljan,1,17.10.2025 21:19
Lovro,Buljan,1,23.10.2025 16:48
Dorotea,Miletić,2,6.10.2025 12:49
Tea,Zubović,3,13.10.2025 17:16
Helena,Franjić,4,9.10.2025 3:16
Damir,Miletić,3,1.10.2025 9:00
Josip,Filipović,3,14.10.2025 10:37
Domagoj,Buljan,5,4.10.2025 0:58
Andrej,Pavić,1,5.10.2025 7:48
Marin,Perić,1,11.10.2025 18:06
Lana,Novak,7,28.10.2025 23:35
Lea,Knežević,3,18.10.2025 18:13
Tea,Bandić,8,5.10.2025 9:33
Tena,Šarić,5,28.10.2025 13:40
Nikola,Barišić,3,5.10.2025 4:03
Ema,Pavlović,7,10.10.2025 15:41
Filip,Lovrić,1,25.10.2025 3:37
Dorotea,Miletić,1,6.10.2025 10:51
Paula,Zubović,1,24.10.2025 21:40
Filip,Blažević,3,29.10.2025 9:16
Ema,Jurjević,7,10.10.2025 10:23
Lea,Kralj,7,26.10.2025 18:04
Tomislav,Vuković,2,11.10.2025 16:34
Marin,Zorić,1,30.10.2025 1:38
Karlo,Mravak,8,15.10.2025 17:30
Maja,Petrović,4,21.10.2025 17:19
Fran,Sertić,1,18.10.2025 9:46
Petar,Matić,2,27.10.2025 19:40
Dario,Buljan,6,12.10.2025 23:32
Ivan,Lovrić,1,15.10.2025 9:08
Luka,Babić,5,13.10.2025 22:41
Martina,Knežević,8,18.10.2025 8:24
Tomislav,Tomić,8,21.10.2025 16:48
Filip,Perić,2,14.10.2025 15:47
Zvonimir,Petrović,4,30.10.2025 9:34
Tena,Križan,5,12.10.2025 10:48
Katarina,Šarić,7,12.10.2025 4:19
Ivan,Đurić,3,4.10.2025 3:40
Katarina,Petrović,2,5.10.2025 5:40
Lovro,Zubović,3,26.10.2025 12:19
Luka,Bandić,5,19.10.2025 1:30
Petra,Stjepanović,5,22.10.2025 21:54
Paula,Radić,7,24.10.2025 16:00
Luka,Radić,3,21.10.2025 15:41
Tena,Babić,4,15.10.2025 1:28
Matej,Miletić,8,24.10.2025 0:44
Ivan,Pavlović,4,10.10.2025 11:09
Matej,Novak,5,16.10.2025 14:34
Lovro,Šimić,7,29.10.2025 12:14
Marin,Novak,4,19.10.2025 1:02
Zvonimir,Kralj,3,21.10.2025 5:15
Dorotea,Horvat,6,4.10.2025 1:36
Tomislav,Grgić,8,14.10.2025 19:14
Zvonimir,Petrović,3,9.10.2025 9:00
Tena,Babić,4,13.10.2025 11:05
Marin,Perić,4,20.10.2025 11:59
Ante,Mlinarić,5,10.10.2025 19:45
Fran,Filipović,4,13.10.2025 4:02
Lucija,Filipović,4,30.10.2025 6:53
Domagoj,Pavlović,4,20.10.2025 18:03
Ivan,Pavić,4,26.10.2025 17:48
Tomislav,Vuković,2,14.10.2025 22:23
Andrej,Vidić,7,5.10.2025 21:17
Paula,Križan,8,14.10.2025 7:49
Sara,Franjić,2,4.10.2025 0:27
Tea,Bandić,6,26.10.2025 20:25
Marko,Klarić,7,8.10.2025 21:03
Marko,Filipović,6,8.10.2025 4:37
Maja,Grgić,6,22.10.2025 11:42
